Area/Promedio,dp(a)
0.470187,0.676241
0.7087,0.891945
0.220856,0.189999
0.324831,0.398816
0.807353,0.888717
0.85402,0.872787
0.555724,0.793003
0.277399,0.300271
0.445407,0.634758
1.84118,0.168625
0.758877,0.89598
0.283359,0.312503
0.422961,0.594608
0.96948,0.804537
0.805326,0.88922
0.886163,0.857446
0.597558,0.833997
0.937002,0.827125
0.562832,0.800729
0.573578,0.811818
0.299616,0.346177
0.799978,0.890469
0.490096,0.70721
0.783137,0.893622
0.853488,0.873013
1.01107,0.772722
1.23848,0.571871
0.431042,0.609328
0.739875,0.89592
1.34025,0.482381
0.816482,0.886246
0.593334,0.830347
0.612439,0.845983
0.643508,0.866688
0.428118,0.604035
1.69969,0.23363
1.65465,0.258099
0.558653,0.796225
0.869677,0.865723
0.49859,0.719747
0.271624,0.288493
1.02249,0.763517
1.50656,0.352276
0.30382,0.354934
0.304357,0.356054
0.638227,0.863576
1.01771,0.767392
1.07717,0.717312
0.819941,0.885224
0.27996,0.305518
0.373508,0.499044
1.16119,0.642104
1.93163,0.135603
1.19374,0.612458
0.271201,0.287632
0.533214,0.766489
0.713762,0.89293
0.414758,0.579382
0.424291,0.597051
1.19833,0.608281
0.790666,0.892361
0.619514,0.851208
0.274374,0.294091
1.30028,0.516874
1.07427,0.719831
0.40624,0.563282
1.30283,0.514645
0.54565,0.78152
0.965075,0.807728
0.975622,0.800027
0.665147,0.877734
1.81225,0.180529
0.777029,0.894464
0.969678,0.804393
0.34773,0.446424
1.01303,0.771159
0.927463,0.833317
0.164571,0.0984596
1.32233,0.497722
0.937482,0.826808
2.12129,0.0841074
0.218134,0.185063
1.20413,0.603004
2.36942,0.0434419
0.10428,0.0318814
1.44714,0.395985
0.663681,0.877071
1.23168,0.578009
0.259841,0.264741
0.769459,0.895278
0.570908,0.809131
0.60417,0.83949
0.580917,0.818983
0.780256,0.894039
0.171918,0.108994
0.529482,0.761794
0.503288,0.726504
1.20557,0.601691
1.72996,0.218248
0.966057,0.807019
0.434494,0.615527
0.593495,0.830488
1.31689,0.502414
0.324785,0.398719
0.51516,0.743003
0.32406,0.397206
0.585191,0.823002
0.525606,0.756831
0.597652,0.834077
0.415274,0.580347
0.910185,0.843965
0.258933,0.262928
0.353489,0.458293
0.443772,0.631913
0.638974,0.864026
0.307489,0.362589
0.419582,0.588369
1.58996,0.296623
1.23143,0.578236
0.544793,0.780515
0.276457,0.298343
0.442069,0.628936
0.679849,0.883705
0.370424,0.492826
0.578979,0.817123
0.594761,0.831592
0.956397,0.813901
1.76014,0.20373
0.318172,0.384904
1.12084,0.678611
0.329204,0.407941
0.522847,0.753242
0.834853,0.8803
0.622599,0.853393
0.430604,0.608537
1.11406,0.684693
0.992574,0.787226
1.33138,0.48995
0.719159,0.893833
0.356747,0.464983
1.00806,0.775116
1.52987,0.336043
0.407152,0.565019
0.721557,0.894186
0.534725,0.768365
1.40438,0.429419
1.5487,0.323313
0.62497,0.855032
1.60163,0.289374
0.340885,0.432249
0.623102,0.853743
1.40542,0.428593
0.436327,0.618796
0.707555,0.891703
0.77246,0.894986
0.592791,0.82987
0.718325,0.893703
1.7755,0.196648
1.55245,0.32082
1.24904,0.562363
0.66043,0.875557
0.762656,0.895789
0.520963,0.750765
0.35557,0.462567
1.48814,0.365472
0.583618,0.821536
0.649585,0.870066
0.716226,0.893361
1.01018,0.773431
0.576505,0.814716
1.01101,0.772767
0.537365,0.771611
0.698485,0.889544
1.19509,0.611232
0.552909,0.789857
0.654074,0.872422
0.64292,0.866349
0.19283,0.141459
0.488307,0.704518
0.418507,0.586375
0.499344,0.72084
1.13897,0.662269
0.529322,0.761592
0.72084,0.894083
0.563739,0.801693
0.444735,0.63359
0.453148,0.648053
0.418984,0.587261
0.370457,0.492894
1.50128,0.356026
1.01527,0.769359
0.950871,0.817752
0.347897,0.446767
0.752297,0.896155
2.06755,0.0965508
0.986535,0.791844
0.781683,0.893837
1.04173,0.747626
0.570305,0.808517
0.642794,0.866277
0.656769,0.87378
0.323249,0.395512
0.885658,0.857712
1.06662,0.726454
1.18629,0.619246
0.784335,0.893437
0.708086,0.891816
0.456173,0.653167
2.05469,0.099763
0.655124,0.872956
1.43293,0.406923
0.884273,0.858437
1.0962,0.700586
0.347146,0.445215
1.24391,0.566976
1.6144,0.281593
1.34311,0.479955
0.293496,0.333457
0.374462,0.500963
0.68517,0.885567
0.959273,0.811872
1.24824,0.563073
0.578138,0.81631
0.603035,0.838566
1.16219,0.641192
1.12087,0.678583
0.534396,0.767958
0.503756,0.727169
0.945707,0.821291
1.4555,0.389638
0.990078,0.789143
1.33147,0.489869
0.342212,0.435002
0.419956,0.589063
0.833959,0.880618
1.0628,0.729741
1.86982,0.157499
1.49746,0.358755
0.551167,0.787886
0.470565,0.67685
0.792304,0.892054
0.638296,0.863618
0.350297,0.451721
0.896114,0.852058
0.824261,0.883883
0.797719,0.890961
1.47382,0.375955
1.27591,0.538351
0.942182,0.823674
1.18242,0.622774
0.959976,0.811374
0.574227,0.812465
0.329947,0.409491
1.60721,0.285955
0.23574,0.217704
0.997311,0.783563
0.372206,0.496422
0.899102,0.850385
1.76355,0.202138
1.81236,0.180479
1.20258,0.604417
0.231826,0.210305
0.679101,0.883431
1.23857,0.571783
0.609299,0.843567
0.775915,0.8946
0.397175,0.545848
0.354779,0.460945
0.296531,0.33976
0.741912,0.89601
0.445017,0.634082
0.226723,0.200778
0.529607,0.761954
0.377695,0.507445
0.884951,0.858082
0.665549,0.877914
0.719032,0.893813
0.375882,0.503813
1.25521,0.556821
0.450853,0.644142
0.587099,0.82476
0.395339,0.542279
0.426905,0.601828
0.685172,0.885568
0.504743,0.72857
0.584416,0.822282
0.441696,0.628281
0.353259,0.45782
0.231516,0.209724
1.94702,0.130582
0.541695,0.776841
0.831909,0.881338
0.460037,0.659631
0.582002,0.820014
0.414105,0.578158
1.19282,0.613302
0.884664,0.858233
1.2054,0.601848
1.41307,0.4225
0.45,0.642683
0.996545,0.784158
0.406312,0.56342
0.695864,0.888837
1.4094,0.425414
1.49621,0.359653
1.79332,0.18869
1.64079,0.266014
0.409309,0.569115
1.04484,0.745014
0.200284,0.153851
1.23903,0.571367
0.270792,0.286802
0.634301,0.861155
0.300428,0.347868
0.51626,0.744489
0.547824,0.784051
1.34187,0.481008
0.314214,0.376634
1.33872,0.483686
0.31386,0.375895
0.48473,0.699078
1.58118,0.302162
0.861515,0.869506
0.1975,0.149175
0.331641,0.413023
0.463499,0.665358
0.60866,0.843067
2.43926,0.0358458
0.688402,0.886622
0.876506,0.862396
0.398311,0.548047
0.680195,0.883831
0.886813,0.857103
1.09696,0.699913
1.44937,0.39429
1.10525,0.692558
0.338033,0.426326
0.890241,0.855272
1.49666,0.35933
0.496665,0.716941
0.797167,0.891078
0.514124,0.741597
0.52852,0.760571
0.725115,0.894655
0.568248,0.806407
0.62615,0.855835
0.491614,0.70948
0.404601,0.560152
1.45948,0.386643
0.142137,0.0693898
1.22685,0.582378
1.96848,0.123846
0.815007,0.886667
0.305534,0.358509
1.73042,0.21802
0.659514,0.87512
1.13963,0.661664
2.43869,0.0359024
0.823115,0.884246
0.398114,0.547667
0.787712,0.892884
2.06006,0.0984104
0.649263,0.869892
0.281543,0.308768
0.381045,0.514131
2.55859,0.0256662
0.730021,0.895197
0.511714,0.7383
0.914863,0.841157
1.09417,0.702386
0.847723,0.875397
0.88318,0.859005
0.374744,0.501528
0.677723,0.882917
1.85496,0.16319
1.33816,0.484161
0.269758,0.284704
0.963143,0.809115
0.423648,0.595871
1.1773,0.627436
1.35695,0.46829
0.903611,0.847813
0.519742,0.749148
0.990593,0.788748
0.32326,0.395534
0.637733,0.863276
0.476673,0.68657
0.756683,0.896061
0.485065,0.699592
1.14184,0.659665
0.751536,0.896162
0.545494,0.781337
0.492398,0.710648
0.506891,0.731598
0.575291,0.813521
0.773248,0.894903
1.40114,0.432023
0.992574,0.787226
0.382379,0.516786
1.32669,0.493966
1.46753,0.380616
1.05067,0.74009
0.994726,0.785566
0.40487,0.560667
0.654655,0.872718
2.1226,0.0838217
0.428189,0.604164
2.15158,0.0777463
1.26892,0.54457
0.741365,0.895988
0.647747,0.869067
0.239501,0.224882
0.66896,0.8794
1.29489,0.521592
0.800855,0.890272
0.719897,0.893945
0.627393,0.856672
0.450546,0.643616
1.31733,0.502033
0.778727,0.894246
1.52513,0.3393
0.764849,0.895647
0.212575,0.175124
2.20772,0.0671002
0.412827,0.575757
1.85014,0.165075
1.55861,0.316752
1.23482,0.575174
0.341368,0.433251
0.374657,0.501355
0.558004,0.795515
1.71943,0.223506
0.89926,0.850296
2.05983,0.098467
1.36711,0.459817
0.484052,0.698041
0.737454,0.895787
0.988752,0.790156
0.955414,0.814591
0.396061,0.543685
1.9742,0.122102
0.94612,0.82101
1.33647,0.485603
1.42257,0.415005
0.444484,0.633154
1.23248,0.577287
1.08058,0.71433
1.37316,0.454806
1.64272,0.264899
0.670201,0.879925
1.15561,0.647175
1.72339,0.221518
1.54132,0.328264
0.588629,0.826153
1.21898,0.589512
0.493413,0.712155
0.392335,0.536419
1.79308,0.188794
0.627488,0.856735
0.947964,0.819751
0.747854,0.896156
1.16564,0.638054
0.880079,0.860597
1.2168,0.591492
0.852821,0.873294
2.79791,0.0128862
0.516406,0.744686
0.935348,0.828214
0.652532,0.871626
0.861946,0.869311
0.677185,0.882714
0.391303,0.534399
0.858977,0.870638
0.749768,0.896167
1.37688,0.451746
0.741778,0.896005
0.519212,0.748444
0.887067,0.856969
0.595221,0.831991
0.592318,0.829453
0.314662,0.377571
1.11675,0.682279
0.894404,0.853004
1.14388,0.657817
0.849592,0.874636
0.386755,0.525453
1.12126,0.678238
0.879921,0.860678
0.759626,0.895948
0.716831,0.893462
0.967601,0.805903
0.7414,0.895989
0.445994,0.635777
1.34516,0.478223
1.69598,0.235578
1.18286,0.622369
1.04471,0.745124
0.670369,0.879995
0.631851,0.859597
1.49035,0.363874
0.94561,0.821357
0.975368,0.800214
1.11238,0.686197
1.31068,0.507799
2.24727,0.0604149
0.423488,0.595578
0.337091,0.424368
1.52402,0.34007
0.67053,0.880062
0.582635,0.820612
0.666391,0.878287
0.874535,0.863371
0.821973,0.884602
1.0946,0.702006
1.63652,0.268486
0.834645,0.880374
1.85067,0.164865
0.589448,0.826893
0.974048,0.80119
2.38305,0.0418506
1.14179,0.659717
1.0097,0.773813
1.04141,0.747894
1.40308,0.430467
1.20546,0.601793
1.32014,0.499608
0.815481,0.886533
1.37513,0.453181
1.1097,0.688591
1.0447,0.745134
0.520881,0.750656
1.06902,0.724382
1.30987,0.508504
0.733274,0.895489
1.05276,0.738324
2.0105,0.111534
0.293489,0.333443
0.518298,0.747225
0.533827,0.767252
0.989747,0.789396
2.53507,0.0274276
0.833905,0.880637
1.56829,0.310432
1.06709,0.726048
0.383394,0.518801
1.53515,0.332439
1.88173,0.15306
0.781313,0.89389
0.686403,0.885976
0.845868,0.87614
0.425226,0.598763
0.581197,0.81925
0.669893,0.879795
1.05003,0.740639
1.74773,0.209599
0.31388,0.375937
0.327236,0.403836
0.788639,0.892724
1.15959,0.643557
0.478488,0.689419
0.880561,0.860352
0.714998,0.89315
0.709169,0.892042
0.86307,0.868802
1.49938,0.357385
0.567183,0.805305
0.39518,0.54197
0.845618,0.876239
0.781009,0.893934
0.845855,0.876145
0.219954,0.188359
1.80311,0.184431
0.587773,0.825375
0.996722,0.78402
1.22552,0.583584
0.931995,0.830402
0.686815,0.886111
0.18849,0.134435
1.19797,0.608613
0.276686,0.298812
0.962816,0.809349
2.31729,0.0500592
0.294591,0.33573
0.534861,0.768533
1.50669,0.352187
0.241291,0.228322
1.10107,0.696275
1.73124,0.217614
0.384839,0.521665
1.50502,0.353365
1.77302,0.19778
2.26393,0.0577869
0.59963,0.835747
1.06195,0.730474
1.20439,0.602765
0.74051,0.89595
0.272719,0.290718
0.464249,0.66659
1.57253,0.307697
0.74619,0.896132
0.97673,0.799205
2.2785,0.0555747
1.53814,0.330407
1.60501,0.287301
3.4933,0.00155352
1.44666,0.396354
1.11893,0.680328
1.71456,0.225973
1.32659,0.494058
1.49132,0.363173
2.01882,0.109228
1.52993,0.336
1.69134,0.238027
0.930344,0.83147
1.28369,0.531462
0.916473,0.840178
0.731858,0.895368
1.42229,0.415226
1.26066,0.551936
0.791704,0.892168
0.529038,0.761231
0.498128,0.719076
0.798894,0.890708
0.806301,0.88898
2.58883,0.0235581
1.07025,0.723315
0.717456,0.893564
0.285017,0.315919
0.622199,0.853113
0.686202,0.88591
0.304369,0.356079
0.373419,0.498865
1.40238,0.431025
0.976893,0.799085
2.4071,0.0391747
1.3103,0.508133
1.33434,0.487418
0.972388,0.80241
1.47646,0.374005
0.564636,0.80264
0.669735,0.879729
1.05289,0.738212
1.7218,0.222311
1.20701,0.600389
1.09974,0.697453
1.79294,0.188857
0.855094,0.872328
0.686596,0.88604
1.22775,0.581562
0.358837,0.469263
1.97309,0.122438
1.26092,0.551712
0.986085,0.792185
1.37747,0.451257
0.942015,0.823786
0.776017,0.894587
1.40727,0.42711
1.34528,0.478115
0.61236,0.845923
0.434826,0.616119
0.669375,0.879577
0.456614,0.653908
0.647081,0.8687
0.751282,0.896163
1.12539,0.674525
1.30359,0.513978
1.15697,0.645936
0.42154,0.591991
0.787861,0.892859
1.37901,0.449992
0.863229,0.868729
0.27555,0.29649
1.21466,0.593431
0.749249,0.896166
1.72334,0.221538
0.850014,0.874463
0.472123,0.679348
1.06955,0.723922
0.891322,0.854688
2.04805,0.101458
1.32583,0.494712
0.715941,0.893313
0.654192,0.872482
0.470102,0.676105
1.64935,0.261104
1.72634,0.220043
0.781135,0.893916
0.868191,0.866428
1.86453,0.159508
1.71329,0.226616
1.35353,0.471165
1.56632,0.311711
1.00329,0.77889
1.13143,0.669079
0.680723,0.884022
1.2473,0.563926
0.97716,0.798886
1.29534,0.521202
0.557915,0.795418
0.413339,0.576719
0.920807,0.837508
1.42646,0.41196
1.06502,0.727837
2.55395,0.026005
0.781839,0.893814
1.81411,0.17974
0.77319,0.894909
0.701064,0.890202
1.87713,0.15476
0.999857,0.781579
0.371115,0.494222
0.4903,0.707516
0.675548,0.882085
0.74801,0.896158
1.02999,0.757373
1.90036,0.146329
2.53298,0.0275898
0.552474,0.789366
0.901535,0.849004
1.25398,0.557924
0.218534,0.185787
1.71628,0.225098
0.690907,0.887399
0.652179,0.871442
2.32071,0.0495975
1.79898,0.186217
0.684398,0.885307
0.918699,0.838812
0.0850473,0.0186779
1.14857,0.653572
1.20571,0.60157
0.912044,0.842856
0.405252,0.561395
0.471375,0.678151
1.26296,0.549886
0.253509,0.252161
0.574884,0.813118
1.81431,0.179656
0.670952,0.880238
0.335267,0.420575
0.349642,0.45037
0.367332,0.486569
1.24283,0.567943
0.913531,0.841962
1.45274,0.391731
1.37122,0.456416
0.895064,0.852639
0.629906,0.858336
0.458095,0.656391
0.205871,0.163396
0.554233,0.791343
0.535348,0.769135
1.02039,0.765225
0.674628,0.881725
0.722569,0.894326
1.3876,0.442968
0.646839,0.868566
0.553057,0.790024
1.85112,0.164691
1.44974,0.394009
0.240726,0.227234
0.809102,0.888269
0.655862,0.873328
1.46713,0.380915
1.17574,0.628862
0.297328,0.341417
0.706088,0.891384
0.400267,0.551828
0.766247,0.895546
0.605903,0.840885
1.01104,0.772747
0.93353,0.829404
0.353836,0.459006
0.826188,0.883262
0.891585,0.854546
1.95791,0.127123
0.567463,0.805596
1.99166,0.116913
1.55458,0.319411
1.83725,0.1702
1.16252,0.640895
0.727389,0.894921
1.14649,0.655459
0.622881,0.853589
0.929292,0.832147
1.11497,0.683874
0.39499,0.541601
0.313806,0.375781
1.55691,0.317867
0.917537,0.839527
0.728322,0.895023
1.08742,0.708339
0.554225,0.791334
1.71048,0.228051
1.19602,0.610382
0.860009,0.87018
0.11753,0.0432876
1.17892,0.625959
1.06417,0.72857
0.50918,0.734795
0.808015,0.888549
1.94966,0.129736
1.42269,0.414907
1.21947,0.589068
1.6353,0.269201
0.430662,0.608642
1.44944,0.394233
0.775087,0.894697
0.431994,0.611042
2.46409,0.0334578
2.00519,0.113028
0.380826,0.513696
1.06516,0.727713
0.214406,0.178378
1.59867,0.291197
0.391428,0.534643
0.639174,0.864146
1.36177,0.464263
1.21368,0.594326
0.155972,0.0867514
0.909666,0.844273
0.348086,0.447158
1.67331,0.247733
0.378041,0.508137
0.341577,0.433686
0.934184,0.828976
2.51952,0.0286544
2.23295,0.0627617
0.530684,0.763315
0.379163,0.510378
1.81235,0.180487
0.575272,0.813502
0.486936,0.70244
1.16934,0.634683
1.34399,0.47921
0.366197,0.484267
1.25732,0.554929
0.453793,0.649147
0.766557,0.895522
0.923707,0.835695
0.475792,0.68518
2.81737,0.0121716
0.781793,0.893821
1.52975,0.336127
0.637838,0.86334
1.06679,0.726311
0.818228,0.885735
0.559789,0.797459
0.666316,0.878254
0.491791,0.709744
1.05497,0.736438
0.394347,0.540348
1.06116,0.731152
0.569914,0.808117
0.869745,0.865691
0.169054,0.104831
1.03603,0.75238
0.405024,0.56096
0.963102,0.809144
2.07895,0.0937798
0.997679,0.783277
1.60076,0.289908
0.569655,0.807853
0.855786,0.87203
0.338423,0.427138
0.593316,0.830331
0.784581,0.893399
0.90546,0.846742
1.34521,0.478174
0.955469,0.814552
0.90533,0.846818
0.289803,0.325806
0.400211,0.551718
0.923134,0.836055
0.326258,0.401794
0.992844,0.787019
1.28524,0.530094
1.38637,0.443974
0.619516,0.85121
0.936951,0.827159
0.649123,0.869817
0.481201,0.693643
0.506547,0.731114
1.06175,0.730646
0.342648,0.435906
0.770555,0.895176
1.94537,0.131112
1.4707,0.378262
1.15384,0.648785
0.592021,0.82919
1.06331,0.729305
1.64201,0.265311
1.20761,0.599838
1.17385,0.630576
2.09401,0.0902307
0.794611,0.891604
1.08196,0.713128
1.84153,0.168486
0.640689,0.865047
0.261119,0.267297
1.20416,0.602977
0.489545,0.706383
0.319011,0.386658
1.05941,0.73265
1.10439,0.693324
2.20613,0.0673821
1.07637,0.718005
2.23223,0.0628814
1.81418,0.179711
2.26248,0.0580107
1.35326,0.471387
0.259869,0.264796
0.492306,0.710511
0.355163,0.461732
1.3352,0.486687
1.096,0.700762
0.436926,0.619861
0.219946,0.188344
1.14544,0.656408
2.08945,0.0912936
0.342145,0.434863
2.51945,0.0286602
1.31961,0.500067
0.500182,0.72205
1.16307,0.640395
1.6261,0.274603
2.0823,0.0929816
0.963658,0.808746
1.03732,0.751309
1.54201,0.327799
3.11957,0.00493313
1.89531,0.148129
1.17132,0.632887
0.59291,0.829975
0.740041,0.895928
1.10318,0.6944
1.67127,0.248846
0.968348,0.80536
0.605853,0.840845
1.71081,0.227882
1.46208,0.384691
1.26618,0.547012
0.792594,0.891999
0.921265,0.837223
0.684691,0.885406
1.15208,0.650382
2.16617,0.0748425
2.07601,0.0944891
0.968061,0.805569
2.62566,0.0212115
0.623034,0.853696
0.614554,0.847577
1.43711,0.403684
0.864487,0.868153
0.63223,0.859841
1.80464,0.183774
1.01876,0.766543
0.819638,0.885315
1.20583,0.60146
2.25234,0.0596044
1.64527,0.263433
0.506249,0.730696
0.864356,0.868213
1.16282,0.640619
1.16221,0.641174
1.46072,0.38571
0.817286,0.886012
1.12555,0.674374
0.196889,0.148156
1.08697,0.70873
1.46362,0.383533
0.207308,0.165885
1.30762,0.510462
0.553967,0.791045
2.23765,0.0619822
1.03619,0.752245
1.18394,0.621391
0.975542,0.800086
1.64492,0.263635
0.967095,0.806269
1.02824,0.758812
1.65916,0.255563
0.365444,0.482737
1.88946,0.150237
1.31893,0.500652
1.5313,0.335066
3.11097,0.00506365
0.391356,0.534503
1.14055,0.660836
0.66967,0.879702
0.304109,0.355537
1.44828,0.395118
1.59583,0.292957
1.06221,0.730249
0.854583,0.872547
0.227905,0.202973
0.637343,0.863039
1.19864,0.607997
0.443493,0.631427
0.676971,0.882632
0.355916,0.463279
1.31884,0.500729
0.671576,0.880496
0.401519,0.554239
0.433773,0.614237
2.19109,0.070107
1.60401,0.287911
1.42787,0.41086
0.535882,0.769793
0.38284,0.517701
0.505543,0.7297
0.368216,0.488361
1.608,0.285471
0.842457,0.877474
0.968956,0.804918
1.89872,0.146912
0.718161,0.893677
1.36341,0.462898
1.01474,0.769787
1.41588,0.420275
1.4599,0.386324
1.0526,0.738454
1.76924,0.199511
1.25841,0.553957
0.771669,0.895067
1.03068,0.756805
2.2588,0.0585855
3.22459,0.00357951
3.18629,0.00402526
0.86306,0.868806
1.6275,0.273774
2.79068,0.0131617
0.631529,0.85939
1.71234,0.227102
0.672378,0.880824
0.963547,0.808826
0.652909,0.871822
0.633571,0.860695
0.928422,0.832704
1.28041,0.534365
1.11022,0.688121
1.3134,0.505441
1.39965,0.433214
0.851921,0.873672
2.03198,0.105665
1.04809,0.74228
1.22744,0.581842
2.01003,0.111664
0.771314,0.895102
0.892011,0.854314
0.828678,0.88244
0.712685,0.892732
2.0177,0.109535
1.21186,0.595974
1.19277,0.613345
0.460546,0.660477
0.932962,0.829773
0.506848,0.731538
2.30296,0.0520347
1.00405,0.778289
0.394563,0.540768
0.797514,0.891005
0.652169,0.871436
1.20685,0.600535
0.326302,0.401887
0.558379,0.795925
1.30857,0.509633
2.11524,0.0854328
0.800126,0.890436
1.45492,0.390074
0.516164,0.74436
1.55677,0.317965
1.23496,0.575048
1.04932,0.741238
0.86704,0.866969
1.48087,0.370768
1.30367,0.513911
1.48212,0.369853
1.35034,0.47385
0.785563,0.893242
0.966254,0.806877
1.51933,0.343319
1.14708,0.654915
0.473336,0.681285
0.756334,0.896072
2.1853,0.071182
0.634824,0.861482
0.388307,0.528513
0.840043,0.878394
1.08311,0.712119
2.37836,0.0423917
1.22487,0.584173
0.671265,0.880368
0.810759,0.887833
1.31936,0.500284
2.61524,0.0218517
0.807949,0.888565
0.5882,0.825764
1.08639,0.709239
0.629608,0.85814
1.10012,0.697117
1.15437,0.6483
1.37519,0.453135
0.317267,0.383014
0.742984,0.896049
0.914503,0.841375
2.20215,0.0680931
1.2713,0.542445
1.6621,0.253918
1.52721,0.337873
0.352897,0.457076
0.640091,0.864693
0.536294,0.770299
2.05807,0.0989078
0.686133,0.885887
1.43743,0.403438
1.25386,0.558027
1.19213,0.613929
0.570055,0.808262
0.425137,0.598601
0.999719,0.781687
0.601646,0.837424
0.387037,0.526009
0.887507,0.856735
1.86573,0.159049
0.345551,0.441917
0.601612,0.837396
1.01816,0.767026
0.66017,0.875434
0.408785,0.568122
1.72182,0.2223
2.055,0.099683
0.392476,0.536694
2.44882,0.034908
0.586592,0.824294
0.390611,0.533042
0.981897,0.795347
1.27645,0.537877
0.719269,0.89385
0.622501,0.853324
0.89608,0.852076
1.69101,0.238201
0.890279,0.855252
0.466029,0.669502
0.460353,0.660156
1.64482,0.26369
1.94767,0.130374
0.819615,0.885322
1.15562,0.647164
1.02844,0.758655
1.24472,0.566247
0.116046,0.0419163
0.76009,0.895926
1.83431,0.171388
0.704201,0.890956
0.605446,0.840519
0.761679,0.895845
0.420482,0.590037
1.02033,0.765276
1.63575,0.268937
0.437851,0.621502
1.00057,0.78102
1.29002,0.525873
1.07131,0.7224
0.764039,0.895702
1.34438,0.478879
1.0555,0.735994
2.32644,0.0488337
1.32227,0.497772
0.685516,0.885683
1.39661,0.435669
1.07176,0.722007
0.587186,0.824839
1.21873,0.589737
1.03761,0.751067
0.961743,0.810116
2.11457,0.0855797
0.773356,0.894891
0.864132,0.868316
2.15966,0.0761254
1.80209,0.184872
0.894776,0.852799
0.878308,0.861493
1.57894,0.303589
0.858413,0.870886
0.865696,0.867595
1.51698,0.344959
2.63942,0.0203923
0.563386,0.801318
0.833954,0.88062
1.84333,0.167766
0.846272,0.875979
0.688865,0.886768
0.595992,0.832657
1.5116,0.348725
0.973016,0.801949
0.459815,0.659262
0.293094,0.332624
0.76857,0.895357
0.692617,0.88791
0.641147,0.865317
0.440782,0.626677
0.31143,0.370817
0.518141,0.747015
0.838296,0.879046
1.14436,0.657387
0.911348,0.843272
0.631259,0.859216
0.315428,0.379171
1.30168,0.515644
1.12416,0.675629
0.609826,0.843976
1.54877,0.323264
0.986607,0.791789
1.50647,0.352341
0.984918,0.793069
1.52109,0.3421
2.12316,0.0837015
0.550068,0.786633
0.70247,0.890547
1.26123,0.55143
0.722974,0.89438
1.07153,0.722213
1.7357,0.215424
0.353005,0.457298
1.82148,0.176654
0.566155,0.804235
1.26396,0.54899
1.40922,0.42556
1.48443,0.368172
1.2956,0.52097
1.22979,0.57972
1.58131,0.302081
0.935099,0.828377
0.444833,0.633762
2.04666,0.101815
0.887686,0.85664
1.61273,0.282602
0.921623,0.837
1.91302,0.141904
0.946021,0.821078
0.964361,0.808241
0.936915,0.827182
0.231333,0.209381
1.63048,0.27202
1.34399,0.479214
1.02586,0.760765
0.522113,0.752279
1.54969,0.322651
1.05582,0.735717
1.17898,0.625904
1.03288,0.754989
0.330945,0.411571
1.34986,0.474251
0.549305,0.785758
0.909815,0.844185
0.314695,0.37764
0.687501,0.886333
1.20231,0.604664
0.742485,0.896031
0.64693,0.868617
0.87464,0.863319
1.31005,0.508351
0.70908,0.892023
0.37945,0.510953
1.31513,0.503941
1.01487,0.769682
0.715541,0.893244
0.818457,0.885668
0.781997,0.893791
0.689907,0.887093
0.846484,0.875894
1.50729,0.351763
0.728483,0.89504
0.908278,0.845093
1.05152,0.739374
0.631299,0.859242
0.912172,0.842779
0.947608,0.819995
1.64181,0.265427
0.915071,0.841031
0.470744,0.677137
1.35647,0.468692
1.10708,0.690929
1.34232,0.480628
1.53094,0.335308
1.50567,0.352909
0.857278,0.871383
1.67849,0.244912
0.491647,0.70953
0.87022,0.865464
0.507941,0.733068
0.212851,0.175612
1.19473,0.611557
0.920455,0.837726
0.857094,0.871464
1.38254,0.447102
1.47296,0.376587
0.538399,0.77287
0.540637,0.775574
0.909959,0.844099
1.02875,0.758398
0.400941,0.553126
1.14274,0.658851
1.16865,0.635317
0.539951,0.774749
1.47018,0.378649
0.818421,0.885679
0.838238,0.879067
0.94174,0.823971
0.380433,0.512913
0.598902,0.835135
0.385223,0.522426
0.918032,0.839223
0.434634,0.615777
1.4002,0.432778
0.759484,0.895954
0.998579,0.782576
0.233944,0.214301
0.790793,0.892337
1.62802,0.273466
1.08489,0.710554
0.274281,0.293902
1.43555,0.404892
1.97208,0.122748
0.770206,0.895209
0.378491,0.509038
0.954209,0.815434
1.33582,0.486157
0.679555,0.883598
0.315071,0.378425
0.572095,0.81033
0.623487,0.85401
1.07277,0.721134
1.29561,0.520963
0.965753,0.807239
0.621904,0.852906
0.800722,0.890302
1.86394,0.159732
0.308515,0.36473
0.651121,0.870885
1.16342,0.640076
0.227823,0.202821
0.774819,0.894728
0.699924,0.889916
0.290343,0.326923
2.64173,0.0202581
0.612457,0.845997
0.960373,0.811092
1.46123,0.385323
1.57776,0.304344
1.70789,0.229383
1.55172,0.321302
0.907733,0.845414
1.44724,0.39591
1.18014,0.624848
0.713016,0.892793
2.39221,0.040812
0.408217,0.567043
1.51015,0.349745
1.52054,0.34248
0.537998,0.772382
1.09164,0.704618
0.346956,0.444823
0.832245,0.881221
1.2832,0.531893
0.663836,0.877142
0.58205,0.820059
1.78374,0.192932
0.664506,0.877446
1.63234,0.270929
0.574814,0.813049
1.27119,0.542547
1.11302,0.685624
0.790722,0.89235
1.06212,0.730328
1.15372,0.648894
0.588554,0.826085
1.13456,0.66625
0.608044,0.842584
0.831562,0.881458
1.10488,0.692887
0.674862,0.881817
0.450094,0.642843
0.66142,0.876025
0.189546,0.136132
0.498062,0.71898
0.467955,0.672635
1.30645,0.511481
0.608085,0.842616
1.58072,0.302453
0.306167,0.35983
0.384446,0.520888
1.27246,0.541416
0.761149,0.895873
0.711195,0.892447
0.484113,0.698134
0.452076,0.646229
0.654868,0.872826
0.211317,0.172901
1.39004,0.440988
0.273412,0.292129
1.01052,0.773165
0.577521,0.81571
0.818899,0.885537
0.780693,0.893978
3.22475,0.00357778
0.562195,0.800049
1.86652,0.158747
0.706056,0.891377
0.929654,0.831914
1.32339,0.496806
0.94376,0.822611
1.67963,0.244294
0.913118,0.842211
0.661395,0.876013
0.891971,0.854336
0.34866,0.448343
1.14998,0.652292
0.634646,0.861371
2.19653,0.0691094
0.615807,0.848508
0.998169,0.782895
0.472251,0.679552
1.99995,0.11452
1.22633,0.582846
0.522406,0.752663
0.4987,0.719907
0.377755,0.507565
0.41611,0.581911
3.4031,0.00206029
0.832748,0.881045
0.337187,0.424568
0.393017,0.537752
0.647156,0.868741
1.32689,0.493798
2.28148,0.0551314
1.33577,0.486196
0.575223,0.813454
0.627113,0.856484
0.387223,0.526378
0.388221,0.528345
0.49326,0.711929
1.0241,0.762207
0.527247,0.758943
0.511077,0.737422
1.00069,0.780928
0.157101,0.0882498
1.00935,0.774096
0.919656,0.838222
0.44747,0.63833
1.88772,0.150866
0.681876,0.884433
1.16063,0.642608
1.3903,0.440775
0.758146,0.89601
0.325009,0.399188
0.512413,0.739259
1.46419,0.383111
0.900724,0.849466
0.541118,0.776151
1.19186,0.61417
0.614576,0.847594
0.892913,0.853822
1.31006,0.508339
0.0951992,0.0251542
0.404168,0.559323
2.34122,0.0469136
0.703384,0.890765
0.62447,0.854689
0.755363,0.896099
0.811198,0.887716
0.301643,0.350397
0.50065,0.722726
0.660889,0.875775
0.836061,0.879865
1.7511,0.207995
0.969768,0.804327
0.868059,0.86649
0.2061,0.163791
1.51599,0.345644
1.04673,0.743426
1.35202,0.472431
2.3159,0.0502477
1.08043,0.714463
0.529532,0.761859
1.03747,0.751185
0.421762,0.5924
0.307367,0.362334
0.461992,0.662872
0.703049,0.890685
1.42582,0.412459
0.470046,0.676016
0.350576,0.452297
1.56889,0.310044
1.15119,0.651186
1.67575,0.246399
1.06459,0.728203
0.784997,0.893333
1.51787,0.344333
1.29462,0.521836
1.22626,0.582918
0.703118,0.890702
2.31908,0.0498178
0.43338,0.613532
1.42772,0.410974
1.05621,0.735388
1.30868,0.509539
0.825156,0.883597
0.664609,0.877492
1.42988,0.409287
1.25432,0.55762
0.907493,0.845555
1.7203,0.223068
1.32455,0.495809
0.506308,0.730779
1.4327,0.407096
1.33503,0.486828
0.817305,0.886007
0.536673,0.770764
0.827637,0.882786
1.5104,0.34957
1.1792,0.625706
1.14447,0.657281
1.54879,0.323251
1.28753,0.52807
1.31954,0.500126
1.10131,0.696058
1.58602,0.299097
0.555899,0.793197
0.551469,0.788229
0.895971,0.852137
1.23017,0.579371
0.835658,0.88001
2.13537,0.0810952
0.382919,0.517858
0.498129,0.719077
0.586052,0.823798
0.955049,0.814846
2.82649,0.0118499
1.08883,0.707092
0.39177,0.535314
0.672174,0.880741
0.867484,0.866761
0.83647,0.879716
1.45032,0.393565
1.46202,0.384732
0.504766,0.728603
3.0941,0.00532947
0.588703,0.82622
1.05655,0.735096
0.620261,0.851743
1.21314,0.594814
1.06539,0.727513
0.461229,0.66161
0.564883,0.802901
0.343775,0.438241
0.947347,0.820173
0.856644,0.871659
0.362261,0.476257
0.691118,0.887463
1.8047,0.183746
0.719264,0.893849
0.929021,0.83232
0.621188,0.852401
0.972122,0.802605
1.58706,0.298441
1.02752,0.759407
3.02679,0.00653077
1.05323,0.737922
0.505569,0.729737
2.28706,0.0543112
0.865943,0.86748
0.688775,0.88674
0.654914,0.872849
1.09077,0.705387
0.677774,0.882936
1.49024,0.363953
0.342649,0.435909
1.11329,0.685378
1.55647,0.31816
0.661836,0.87622
1.0814,0.713613
0.535531,0.76936
0.318061,0.384672
1.1087,0.689481
0.438966,0.623475
1.11028,0.688073
1.15569,0.647104
0.83721,0.879446
2.32016,0.0496724
1.30796,0.510169
0.532795,0.765966
1.1379,0.663232
1.02068,0.76499
0.888826,0.856032
0.65867,0.874713
0.602845,0.838411
0.448389,0.639915
1.43949,0.401853
0.515544,0.743523
2.70518,0.016877
1.75498,0.206152
0.933718,0.829281
1.40917,0.425596
0.553231,0.79022
1.30869,0.509532
1.28805,0.527615
0.698816,0.88963
0.450321,0.643232
1.03539,0.752908
1.36426,0.462189
0.691572,0.8876
1.93689,0.133869
0.496564,0.716793
1.45023,0.393636
0.653222,0.871983
0.628291,0.857271
0.321015,0.390845
2.00631,0.11271
0.347097,0.445116
1.15405,0.648591
1.04469,0.745143
0.585635,0.823413
0.939438,0.82551
1.44904,0.394539
1.27141,0.542354
1.17542,0.629149
0.466783,0.670731
0.500444,0.722429
0.266592,0.2783
0.703341,0.890755
1.54278,0.327278
1.78906,0.190567
1.60634,0.286483
0.394426,0.540501
0.314547,0.377329
0.342101,0.434772
1.12025,0.67914
1.03078,0.756723
0.877877,0.86171
0.669421,0.879596
0.138833,0.0655226
1.37856,0.450359
0.550547,0.787179
1.36951,0.457831
0.389851,0.53155
1.52086,0.342254
0.231479,0.209655
0.716285,0.893371
0.488645,0.705027
0.936121,0.827706
0.236875,0.219863
0.838635,0.87892
0.889139,0.855865
0.406726,0.564208
0.896898,0.851621
0.372338,0.496687
0.816408,0.886267
1.59012,0.296523
1.31532,0.503775
0.912763,0.842425
0.580512,0.818596
1.64522,0.263461
0.674862,0.881817
1.9612,0.126097
1.17059,0.633552
1.16359,0.639922
0.796566,0.891204
0.802212,0.889962
1.23704,0.573171
1.07538,0.71887
0.826882,0.883035
1.02286,0.763219
1.47062,0.378321
0.769346,0.895288
0.272987,0.291264
1.42624,0.412128
1.47882,0.37227
0.528198,0.76016
0.385504,0.522981
0.528699,0.760799
0.346958,0.444827
0.942856,0.823221
1.13586,0.665077
0.705983,0.891361
1.32249,0.497586
0.418377,0.586133
0.834832,0.880307
0.308463,0.364622
0.823313,0.884184
0.717257,0.893532
0.296351,0.339385
0.181437,0.123332
0.384802,0.521592
0.480615,0.692735
1.00267,0.779378
1.31669,0.502592
0.568883,0.807062
0.214376,0.178324
0.986942,0.791534
1.84631,0.166584
0.675373,0.882016
0.928452,0.832685
0.733307,0.895492
1.68552,0.241127
0.669426,0.879598
0.659703,0.875211
2.79765,0.012896
0.938916,0.825857
0.42202,0.592876
3.35117,0.00242156
0.934479,0.828784
0.376987,0.506027
0.364731,0.481288
3.5212,0.00142303
0.544723,0.780432
0.667081,0.87859
1.32393,0.496344
1.08116,0.713828
1.15126,0.651125
1.084,0.71134
2.31267,0.0506887
0.514594,0.742236
0.244206,0.233954
1.18081,0.624239
0.960756,0.810819
0.521541,0.751527
0.566625,0.804725
1.22495,0.584103
0.560697,0.798441
1.40316,0.430396
2.05502,0.0996787
2.24582,0.0606491
1.05239,0.738636
0.820687,0.884998
0.630778,0.858904
1.13294,0.667711
1.33151,0.489837
0.32894,0.407392
2.10216,0.0883606
1.28264,0.532392
0.954905,0.814947
0.397116,0.545733
0.464835,0.66755
1.01252,0.771563
1.01227,0.771764
1.69935,0.23381
1.21615,0.592079
1.35434,0.470477
0.815365,0.886566
0.211528,0.173272
0.520415,0.75004
0.485879,0.700833
1.06003,0.732118
0.43964,0.624666
1.2454,0.565634
0.692674,0.887927
0.853896,0.872839
0.94246,0.823487
1.76203,0.202849
1.07952,0.715261
1.62578,0.274791
0.40776,0.566175
1.5182,0.344104
1.14683,0.655142
1.06294,0.729627
0.641029,0.865248
0.89531,0.852504
1.00744,0.775611
0.691544,0.887592
0.700598,0.890086
1.11612,0.682848
0.811987,0.887503
1.00401,0.778322
1.30524,0.512536
0.815914,0.886409
1.58919,0.297104
0.441253,0.627505
0.725882,0.894748
0.977683,0.798498
0.347101,0.445123
0.648395,0.869421
0.909644,0.844286
1.17477,0.629745
1.2868,0.528711
0.855525,0.872143
1.64342,0.264499
2.21637,0.0655819
2.51044,0.0293942
2.83101,0.0116936
0.701088,0.890208
1.26432,0.548672
1.53256,0.334206
1.11796,0.681195
1.09051,0.705613
0.736715,0.89574
0.513198,0.740334
0.802652,0.889859
1.2135,0.594483
1.46163,0.385025
1.52401,0.340073
0.337196,0.424586
0.927276,0.833436
0.526132,0.75751
0.6236,0.854089
0.980212,0.79661
1.39654,0.435722
1.39006,0.440971
0.951217,0.817512
1.18431,0.621051
1.3477,0.47607
2.50398,0.029931
1.66938,0.249888
0.869246,0.865928
1.1842,0.621149
1.30986,0.508512
1.14538,0.65646
0.674595,0.881712
0.527154,0.758824
1.16466,0.638942
0.833238,0.880873
1.30443,0.513248
0.549936,0.786482
0.647759,0.869074
1.06116,0.731156
0.278818,0.303176
0.45979,0.65922
0.544576,0.780259
0.719733,0.89392
1.47574,0.37454
0.770903,0.895143
1.10939,0.68886
0.591578,0.828798
0.787386,0.89294
0.365309,0.482461
2.15018,0.0780318
0.335063,0.42015
1.29306,0.523201
0.461498,0.662054
1.20538,0.601871
0.625345,0.855288
1.83744,0.170125
0.472522,0.679987
1.21297,0.594966
1.29449,0.521949
1.66988,0.249611
0.295437,0.337487
1.23073,0.578872
0.68376,0.885089
1.46814,0.380161
1.19529,0.611047
0.943303,0.822919
0.67638,0.882406
0.963721,0.808701
1.98841,0.117864
1.03799,0.750751
1.32519,0.495258
0.939859,0.825229
2.3799,0.0422138
2.62149,0.0214657
0.805686,0.889132
1.09713,0.699763
0.495942,0.715882
1.89292,0.148988
0.916219,0.840332
1.03444,0.753703
1.01574,0.768977
0.872803,0.864218
1.36899,0.458262
0.569436,0.807629
1.46543,0.382182
0.664557,0.877469
2.67569,0.018376
1.40392,0.429791
0.880098,0.860588
0.763978,0.895706
0.402929,0.556948
1.22282,0.586034
1.9858,0.118634
1.03624,0.752209
1.45229,0.392067
0.469053,0.674414
0.554134,0.791232
1.15873,0.644337
1.68243,0.242784
3.71445,0.000771109
0.830699,0.881755
0.402939,0.556967
0.654451,0.872614
0.739609,0.895907
0.407415,0.565518
1.26966,0.543906
1.96995,0.123396
0.551623,0.788404
0.528425,0.76045
1.09329,0.703159
0.86962,0.86575
1.14871,0.653441
1.16294,0.640514
1.60989,0.284322
1.52334,0.340542
1.9156,0.141016
1.87544,0.155392
0.586315,0.82404
1.3747,0.453534
1.23943,0.571009
0.78476,0.89337
1.62925,0.272743
0.421532,0.591976
2.39724,0.0402527
1.19921,0.607482
0.845853,0.876146
2.26481,0.0576502
0.884486,0.858325
1.18392,0.621408
1.25697,0.555241
0.755116,0.896105
2.17486,0.073158
0.904602,0.84724
1.7599,0.203843
1.70832,0.229163
0.510649,0.736831
1.46606,0.38171
2.19612,0.0691837
2.31507,0.0503613
0.859548,0.870385
1.00583,0.776889
0.187637,0.133071
1.63013,0.272228
0.440741,0.626605
0.59526,0.832025
0.293888,0.33427
0.804943,0.889314
1.84021,0.169014
0.817819,0.885856
1.5728,0.307519
2.51146,0.0293098
1.81188,0.180682
1.16166,0.641678
1.85379,0.163648
1.57083,0.30879
1.00009,0.781395
0.589197,0.826667
2.04884,0.101254
0.24993,0.245116
2.52244,0.0284203
0.976254,0.799559
1.71595,0.225264
1.21264,0.595271
0.877818,0.86174
0.955002,0.814879
0.469418,0.675002
1.91641,0.140737
1.42672,0.411752
0.866362,0.867285
0.750335,0.896167
1.07134,0.722372
0.787472,0.892925
1.46696,0.381041
0.421588,0.59208
0.908913,0.844719
1.05968,0.732421
1.05218,0.738815
0.222849,0.193638
1.18943,0.616386
2.12128,0.0841083
0.752212,0.896156
0.775307,0.894672
0.791244,0.892254
0.687264,0.886257
0.384807,0.521602
1.09924,0.697895
1.40137,0.431835
2.86305,0.0106401
1.53719,0.331051
1.70356,0.231621
2.08559,0.0922016
1.74872,0.209128
1.28173,0.53319
1.79996,0.185792
3.2072,0.00377565
0.557393,0.794845
0.559568,0.79722
1.84575,0.166805
0.168591,0.104165
0.897483,0.851294
1.64412,0.264093
0.585567,0.82335
1.0226,0.76343
2.63159,0.0208545
0.347132,0.445187
0.459526,0.65878
1.46014,0.386144
1.94339,0.13175
1.02345,0.762738
1.01139,0.77247
0.366699,0.485284
0.261204,0.267468
0.730079,0.895202
0.371001,0.493991
1.11951,0.679803
1.62995,0.272329
0.38945,0.530762
1.90171,0.145853
0.58008,0.818183
0.527616,0.759416
0.645585,0.867867
0.469159,0.674584
2.67144,0.0186021
1.68734,0.240154
1.71283,0.226852
1.94408,0.131529
3.19263,0.0039479
0.39751,0.546497
0.52567,0.756914
1.95518,0.127983
0.799008,0.890683
0.35258,0.456423
0.664593,0.877485
0.403863,0.55874
0.958552,0.812382
0.755374,0.896099
1.32845,0.492459
0.423578,0.595742
0.321701,0.392279
1.10103,0.696304
2.76856,0.0140399
2.51529,0.0289967
0.854485,0.872589
0.286987,0.319983
1.62964,0.272512
0.422188,0.593186
1.49287,0.362058
0.272369,0.290008
1.49722,0.358927
1.82791,0.173999
1.94401,0.131549
0.493866,0.712825
0.49643,0.716598
1.56572,0.312103
1.517,0.344944
1.5578,0.317285
0.492488,0.710783
0.441864,0.628577
1.52581,0.338832
1.08176,0.713304
2.11208,0.0861304
0.951481,0.81733
1.01314,0.771064
3.27277,0.00308636
0.698674,0.889593
2.07987,0.0935594
2.58771,0.0236333
0.470408,0.676598
1.71473,0.225885
1.21334,0.594633
1.5121,0.348373
0.915634,0.840689
0.15779,0.0891696
0.199524,0.152568
0.363135,0.478039
0.89092,0.854906
0.279572,0.304722
0.971196,0.803284
0.944581,0.822056
1.63864,0.267257
1.30334,0.514195
0.84777,0.875378
0.267999,0.281143
1.87607,0.155155
1.01074,0.772987
1.26087,0.55175
0.920339,0.837799
1.56631,0.311717
0.624697,0.854845
0.196884,0.148148
0.469674,0.675416
1.28297,0.532099
1.43423,0.40591
1.03988,0.749174
0.511709,0.738292
0.651316,0.870988
0.844431,0.876707
1.77765,0.195672
0.395605,0.542797
0.968494,0.805254
1.53195,0.334619
1.39438,0.437471
0.785499,0.893252
1.10802,0.690084
0.532554,0.765665
0.799013,0.890682
1.57228,0.307857
0.909785,0.844203
0.386401,0.524755
1.11005,0.688272
1.55476,0.319287
1.11769,0.681439
0.929717,0.831873
0.810148,0.887995
1.46083,0.385629
0.606752,0.841562
0.854802,0.872453
0.58556,0.823343
1.16485,0.638775
0.789401,0.892589
0.882239,0.859491
2.05989,0.0984513
0.179929,0.121011
0.630302,0.858595
1.71784,0.224308
0.856321,0.871799
1.52764,0.337577
1.40089,0.43222
2.13374,0.0814371
0.682393,0.884615
0.920352,0.837791
1.23803,0.572269
1.13826,0.662904
1.34267,0.480331
1.37218,0.455617
0.568134,0.80629
1.0534,0.737775
1.34104,0.481711
1.04541,0.744539
0.273542,0.292395
0.577877,0.816055
0.711623,0.89253
0.945343,0.821538
0.93356,0.829384
1.3355,0.486429
2.37337,0.0429749
1.53301,0.333899
0.917008,0.839851
1.28215,0.53282
1.29695,0.519785
0.97834,0.798008
0.515199,0.743056
0.949283,0.818846
1.20486,0.602341
0.888112,0.856413
1.15729,0.645653
1.76571,0.201139
0.537707,0.772028
0.928954,0.832364
1.84385,0.167558
1.35336,0.471307
0.518326,0.747262
2.07197,0.0954686
0.595111,0.831896
0.594935,0.831744
1.06049,0.731722
1.51974,0.343032
1.35513,0.469817
1.24153,0.569114
0.553564,0.790593
1.84493,0.167132
1.6882,0.239694
0.603035,0.838566
1.12135,0.678156
2.09029,0.0910965
0.675443,0.882044
0.822839,0.884332
0.847184,0.875614
0.507889,0.732996
1.01637,0.768471
1.70353,0.231636
0.769705,0.895256
0.676565,0.882477
0.760414,0.89591
0.938387,0.826208
0.65863,0.874693
1.72728,0.219575
1.10218,0.695287
2.77691,0.0137019
0.621234,0.852434
1.74463,0.211091
1.23113,0.57851
0.63354,0.860675
0.853637,0.87295
1.41913,0.417707
0.803798,0.889589
1.75543,0.205944
1.02307,0.763044
0.960145,0.811253
1.47285,0.376674
0.639626,0.864416
1.02491,0.761543
0.678611,0.88325
0.659628,0.875175
1.9769,0.121289
0.417993,0.58542
0.535024,0.768735
1.09023,0.705866
1.16963,0.634422
1.1126,0.685994
1.05286,0.738236
2.18354,0.071511
1.53211,0.33451
1.22809,0.581253
1.15279,0.649736
1.9084,0.143505
0.972,0.802695
0.567066,0.805184
0.475156,0.684174
2.2528,0.0595313
0.502665,0.725615
1.3512,0.473123
1.63857,0.267298
0.487101,0.702691
1.17692,0.627787
0.732708,0.895442
0.933296,0.829556
0.416449,0.582544
1.67478,0.246926
1.0658,0.727163
1.88621,0.151419
0.248539,0.24239
0.799838,0.8905
1.42839,0.41045
2.3755,0.0427255
0.389944,0.531733
1.67268,0.248076
0.571399,0.809628
1.30317,0.514343
1.16478,0.638834
0.606213,0.841133
1.17625,0.628393
0.837028,0.879513
0.746528,0.896138
1.42842,0.410425
0.488794,0.705252
0.651499,0.871084
0.788277,0.892787
1.03424,0.753864
2.81064,0.0124143
1.02543,0.761116
0.443532,0.631494
1.58764,0.298081
1.9353,0.134392
0.493369,0.71209
1.31065,0.507826
1.51934,0.343311
0.524855,0.755858
1.02717,0.759696
1.02983,0.757506
1.46197,0.384772
0.977962,0.79829
0.482594,0.695797
0.777628,0.894388
1.27924,0.535397
1.64037,0.266255
2.63149,0.0208605
0.997347,0.783535
0.776561,0.894522
1.69357,0.236848
2.44586,0.0351958
0.716415,0.893393
0.571492,0.809722
0.813436,0.887106
1.2683,0.545118
1.20281,0.604208
1.04382,0.745876
1.10834,0.689802
0.758959,0.895977
2.24488,0.0608004
1.06423,0.728517
0.579801,0.817915
1.32596,0.494593
0.829719,0.882089
1.18937,0.616442
1.60781,0.285586
1.16008,0.643113
0.916131,0.840386
1.42423,0.4137
1.20899,0.598584
0.748639,0.896163
0.713669,0.892913
0.79012,0.89246
0.922744,0.836299
1.22884,0.580576
0.777365,0.894422
0.954367,0.815323
1.04199,0.747406
1.23315,0.57668
0.797337,0.891042
0.812515,0.88736
0.682968,0.884816
0.366988,0.485871
0.921462,0.8371
0.846407,0.875925
0.53392,0.767367
1.70771,0.229476
0.815432,0.886547
1.28866,0.527072
0.957283,0.813278
0.97471,0.800701
2.18333,0.07155
1.45485,0.390132
0.541526,0.776639
0.356759,0.465008
0.6336,0.860713
1.53236,0.334343
0.710594,0.892329
0.767034,0.895484
0.981168,0.795894
0.92962,0.831936
0.997031,0.78378
0.594978,0.831781
0.974343,0.800972
1.86885,0.157866
1.39768,0.434804
1.79466,0.188099
0.769217,0.8953
0.895615,0.852335
0.412307,0.574778
0.816411,0.886266
0.733666,0.89552
1.90939,0.143162
1.02956,0.757728
0.951833,0.817086
1.39501,0.436961
0.709621,0.892134
2.21443,0.0659205
0.452541,0.64702
0.864619,0.868093
0.822485,0.884443
1.29328,0.523007
0.385879,0.523723
1.55858,0.316772
1.35882,0.466724
0.709087,0.892025
0.612609,0.846113
0.945521,0.821418
1.31992,0.499799
0.327996,0.405421
1.90622,0.144267
2.38168,0.0420084
1.03729,0.751333
1.09333,0.703127
2.18706,0.0708538
0.569009,0.807191
0.864225,0.868274
0.781706,0.893834
0.582277,0.820274
0.325646,0.400518
0.798544,0.890784
1.11302,0.685618
0.753474,0.896138
0.374564,0.501167
0.470754,0.677153
1.30471,0.512996
0.332748,0.415329
0.54982,0.786348
1.44169,0.400162
2.33039,0.0483139
0.861767,0.869392
1.64636,0.262809
1.17325,0.63113
0.909322,0.844477
1.08529,0.710204
1.67429,0.247193
1.04908,0.741436
0.555212,0.792434
1.23395,0.575953
1.59777,0.29176
2.7057,0.0168518
0.448292,0.639748
0.455415,0.65189
0.684018,0.885177
0.931535,0.8307
0.780028,0.894071
0.577881,0.81606
1.48943,0.364538
0.625777,0.855582
0.553219,0.790206
1.07706,0.717404
1.50201,0.355506
0.700577,0.890081
1.8051,0.183575
1.42357,0.414217
0.431949,0.610962
0.298795,0.344468
0.545532,0.781382
0.593729,0.830693
0.593874,0.83082
0.369434,0.490824
0.775755,0.894619
0.391342,0.534475
0.363762,0.479315
1.16969,0.634372
1.21422,0.593831
0.224645,0.196939
1.18157,0.623545
0.677629,0.882882
1.36719,0.459751
1.86002,0.161234
1.79786,0.186704
0.56504,0.803066
0.48292,0.696299
2.17652,0.0728407
1.6308,0.271831
1.29963,0.517444
1.49232,0.362451
0.203127,0.158681
1.74633,0.21027
3.40593,0.00204218
0.800004,0.890463
0.663132,0.87682
1.61076,0.283793
1.38166,0.447821
0.789302,0.892607
0.734103,0.895555
1.33154,0.489809
0.481777,0.694535
0.476776,0.686732
0.297031,0.340798
0.537136,0.771331
0.863306,0.868694
0.175594,0.11444
0.564888,0.802906
0.773054,0.894923
0.714811,0.893117
0.437303,0.62053
0.247863,0.241069
1.04134,0.747953
1.46722,0.380845
1.09233,0.704008
0.832218,0.88123
0.0747846,0.0132316
1.0946,0.702002
0.423587,0.595759
0.343077,0.436795
1.14912,0.65307
0.818589,0.885629
0.919048,0.838597
0.975797,0.799897
1.44433,0.398137
1.28256,0.532457
0.751965,0.896158
0.846083,0.876054
0.44965,0.642082
0.591706,0.828911
0.420412,0.589907
1.06853,0.724811
0.533162,0.766424
0.24412,0.233785
0.396634,0.544797
0.877923,0.861687
1.05029,0.740419
0.920147,0.837918
1.1912,0.614771
0.847424,0.875517
1.0678,0.725436
0.712424,0.892683
0.690263,0.887203
0.354949,0.461294
0.392117,0.535992
0.919293,0.838446
0.897038,0.851543
0.477601,0.688029
0.901141,0.849229
1.1024,0.695087
1.29251,0.523685
0.803527,0.889653
1.39482,0.437111
2.17716,0.0727192
1.36253,0.463626
0.772908,0.894939
1.24672,0.564446
0.510705,0.736909
1.04518,0.744727
2.69492,0.0173848
1.52239,0.341197
1.11643,0.682572
0.94444,0.822151
0.498673,0.719867
1.18811,0.617587
1.90953,0.143111
1.3229,0.497226
0.436486,0.619078
0.967314,0.806111
1.08408,0.711271
0.766839,0.8955
0.384711,0.521412
0.879477,0.860903
0.394697,0.54103
1.32177,0.498202
0.841383,0.877885
0.59088,0.828176
1.16619,0.637551
0.998518,0.782624
1.26676,0.546489
1.57056,0.308965
0.51226,0.739049
0.976273,0.799545
0.678985,0.883388
1.24021,0.570306
1.12658,0.673453
2.49702,0.0305203
0.667222,0.878651
1.38091,0.448432
1.36761,0.459405
1.25138,0.560259
1.46729,0.380796
0.724875,0.894625
2.22379,0.064306
0.312973,0.374041
0.672474,0.880863
0.48711,0.702706
1.14023,0.661124
0.568311,0.806473
0.814531,0.886801
1.48795,0.36561
1.13155,0.668973
0.600807,0.836729
1.24692,0.564265
0.595094,0.831881
0.859322,0.870485
1.52242,0.341176
0.951619,0.817234
1.15534,0.647419
1.15584,0.646965
1.13785,0.663277
0.599047,0.835257
1.01601,0.768766
1.42852,0.410354
1.80701,0.182758
0.876796,0.862251
1.99979,0.114565
0.796932,0.891127
2.06494,0.0971956
1.36037,0.465429
0.529377,0.761661
1.41777,0.418785
0.460297,0.660063
0.857813,0.87115
1.13197,0.668587
1.49719,0.358947
1.83073,0.172847
1.00382,0.778473
1.38167,0.447814
0.916806,0.839974
0.763738,0.895722
1.71214,0.227204
0.44411,0.632502
1.40498,0.428942
0.312652,0.37337
0.55699,0.794402
0.647057,0.868687
0.714222,0.893013
0.564448,0.802443
0.296814,0.340349
0.892842,0.853861
0.337346,0.4249
0.303383,0.354024
1.06227,0.730201
1.02049,0.765142
0.769574,0.895268
0.932077,0.830349
1.12243,0.677181
1.81424,0.179686
0.838913,0.878817
0.586754,0.824444
0.78661,0.89307
2.58554,0.0237792
0.677446,0.882813
1.01081,0.772927
0.60277,0.838349
0.706231,0.891415
0.786497,0.893089
0.667463,0.878756
0.465983,0.669427
1.86463,0.159466
0.325019,0.399207
0.875928,0.862683
0.719735,0.89392
1.30288,0.514599
0.703852,0.890875
1.84302,0.167891
0.64053,0.864953
0.79938,0.890601
1.45379,0.390934
2.79946,0.0128279
0.201192,0.155387
1.49166,0.362924
1.00815,0.775051
1.11489,0.683948
1.00219,0.779754
0.598758,0.835014
1.23491,0.575094
0.55468,0.791841
0.616301,0.848873
0.999861,0.781576
1.00971,0.773806
0.951232,0.817502
0.87426,0.863506
0.72474,0.894609
0.697038,0.889158
0.51192,0.738582
0.806015,0.889051
0.579641,0.817761
0.725279,0.894675
1.31435,0.504616
1.96814,0.123951
0.494972,0.714456
0.269609,0.284402
1.89792,0.147196
0.61218,0.845786
0.476676,0.686574
0.262234,0.269531
1.82504,0.175179
0.419674,0.588541
0.486037,0.701074
0.823885,0.884003
1.88834,0.150641
0.895338,0.852488
1.41155,0.423706
1.87018,0.157362
0.984767,0.793183
1.27974,0.534956
0.271786,0.288822
0.856266,0.871823
1.21845,0.589996
0.770083,0.895221
0.773016,0.894927
1.10229,0.695188
0.407815,0.56628
0.982475,0.794912
0.579268,0.817402
1.5482,0.323647
0.924886,0.834953
1.15598,0.646842
0.754989,0.896108
0.747007,0.896146
2.56078,0.0255079
1.2601,0.55244
1.05255,0.738501
0.597205,0.833696
0.725066,0.894649
1.77998,0.194621
1.65069,0.260341
0.176587,0.115931
0.685237,0.88559
0.435369,0.617089
0.860854,0.869802
0.458376,0.656861
0.880163,0.860554
0.916873,0.839933
2.43562,0.0362087
1.33637,0.485691
2.27951,0.0554236
0.832104,0.88127
0.267765,0.280669
1.36154,0.464458
0.701388,0.890283
0.909388,0.844438
0.810645,0.887864
0.482544,0.69572
1.33602,0.485988
0.731502,0.895336
0.283081,0.311931
1.46334,0.383746
0.692462,0.887865
0.197828,0.149724
2.33992,0.0470802
1.03331,0.754633
1.11539,0.683498
0.862075,0.869253
0.520903,0.750685
0.996227,0.784404
0.465539,0.668702
1.17717,0.627557
1.06222,0.730245
1.13502,0.665836
0.45364,0.648888
1.46566,0.382009
0.193968,0.143324
1.00282,0.779254
0.723653,0.89447
0.907487,0.845558
0.634913,0.861538
0.357624,0.46678
0.341117,0.43273
0.614594,0.847607
0.418966,0.587228
0.8708,0.865186
1.08125,0.713742
0.455457,0.65196
0.665429,0.87786
0.605696,0.84072
0.495367,0.715039
0.887529,0.856723
0.874177,0.863547
0.468516,0.673545
1.14032,0.661045
0.633297,0.860521
1.4094,0.425413
1.85053,0.164922
1.34986,0.47425
1.73272,0.216884
1.48894,0.364897
1.10211,0.695345
0.670491,0.880046
0.664107,0.877265
0.470861,0.677325
0.447653,0.638647
1.21609,0.592139
1.32026,0.499509
0.933554,0.829388
0.426214,0.600568
4.16332,0.000180292
0.886758,0.857132
1.16131,0.641991
0.537175,0.771378
0.825439,0.883505
0.903477,0.84789
0.975184,0.800351
1.18072,0.624324
0.703759,0.890853
0.376077,0.504204
1.31621,0.503009
0.727186,0.894898
1.41936,0.417529
0.787743,0.892879
1.06841,0.724913
1.93603,0.134151
0.472028,0.679197
0.546837,0.782906
0.534788,0.768444
0.596621,0.833197
1.17208,0.632195
0.45143,0.645127
0.327736,0.404878
0.910591,0.843724
0.945598,0.821365
0.659273,0.875004
1.32881,0.492147
0.944804,0.821904
1.89402,0.14859
0.49442,0.713643
1.48492,0.367817
0.608334,0.842812
0.775766,0.894617
1.01448,0.769992
1.48501,0.367745
1.56742,0.311
1.51653,0.345272
0.563759,0.801715
0.757503,0.896034
0.48532,0.699981
0.581665,0.819694
2.26297,0.057936
0.91697,0.839874
0.418742,0.586812
1.32145,0.498478
0.476913,0.686948
1.0493,0.741252
0.948678,0.819262
0.6792,0.883467
1.53371,0.333417
0.294289,0.335102
0.613535,0.846813
0.906203,0.84631
1.1972,0.609307
0.850685,0.874186
1.35043,0.473771
1.07642,0.717958
0.960468,0.811024
0.90508,0.846963
0.691727,0.887646
1.05473,0.736646
1.18819,0.617514
0.96592,0.807119
1.1037,0.693932
1.17869,0.626167
0.879272,0.861007
1.29693,0.519803
0.68356,0.88502
0.781135,0.893916
0.532321,0.765373
1.18684,0.618749
1.48374,0.36867
0.94234,0.823568
0.655412,0.873101
1.13453,0.666277
1.04292,0.746631
1.10029,0.696964
1.00206,0.779853
1.15715,0.645772
0.677687,0.882903
0.835491,0.880071
1.12824,0.671954
1.01376,0.77057
1.62298,0.276454
0.519729,0.749131
2.07828,0.0939416
0.643534,0.866702
0.857968,0.871082
1.33868,0.483722
2.07228,0.0953919
1.51799,0.344252
1.5438,0.326593
1.14283,0.658774
1.38684,0.443591
2.17665,0.0728151
1.88016,0.153638
0.964211,0.808349
1.52044,0.342546
0.976271,0.799546
1.47375,0.376008
0.714713,0.8931
1.23548,0.57458
0.868405,0.866327
1.52769,0.337539
0.959754,0.811531
1.2114,0.596395
0.614796,0.847758
0.636012,0.862221
1.25478,0.557206
0.641447,0.865493
2.56368,0.0252994
0.445229,0.63445
1.46485,0.382615
1.11623,0.682746
0.797575,0.890992
0.830513,0.881818
0.848183,0.875211
0.967296,0.806124
1.18333,0.621948
1.22876,0.58065
1.61917,0.278728
1.16305,0.640408
2.92083,0.00896618
2.52765,0.0280067
1.15585,0.646959
0.60297,0.838513
1.82294,0.176048
0.826024,0.883316
1.5153,0.34613
0.642567,0.866146
0.561009,0.798778
0.535337,0.769121
0.764358,0.895681
0.637906,0.863381
0.82103,0.884893
1.44354,0.398742
0.987101,0.791413
1.01383,0.770516
0.637841,0.863342
0.516115,0.744294
0.57793,0.816107
1.56247,0.31422
1.35866,0.466861
1.48559,0.367329
1.14689,0.655091
0.785777,0.893207
0.934083,0.829042
0.944275,0.822262
0.998295,0.782797
1.57662,0.305074
0.460249,0.659984
0.224267,0.196243
1.18421,0.621142
0.525685,0.756932
0.798913,0.890704
0.292837,0.33209
0.774449,0.89477
0.547125,0.78324
0.428947,0.605539
0.850042,0.874451
0.695502,0.888737
0.586176,0.823912
0.997671,0.783283
1.25891,0.553503
1.38483,0.445227
0.932314,0.830195
1.09482,0.701807
0.75758,0.896031
2.51794,0.0287815
0.165237,0.0993957
0.874583,0.863347
1.55079,0.321921
1.71915,0.223647
0.984927,0.793063
0.242883,0.231391
0.588288,0.825843
0.157562,0.0888648
0.757126,0.896047
0.51291,0.739939
0.670106,0.879885
1.85001,0.165126
1.81785,0.178168
1.26409,0.548875
0.870374,0.86539
0.400002,0.551317
1.16174,0.641605
1.03945,0.749528
1.29831,0.518597
1.82726,0.174265
0.146297,0.0744128
0.175399,0.114148
0.279125,0.303805
0.894634,0.852877
1.34012,0.482494
1.63592,0.268837
1.89973,0.146553
0.583579,0.821499
0.767568,0.895441
1.70763,0.229515
0.591869,0.829056
1.5004,0.356652
1.14178,0.659722
1.16429,0.63928
0.696065,0.888893
0.473393,0.681375
0.897375,0.851355
0.894296,0.853063
0.592152,0.829306
1.11972,0.679616
1.60551,0.28699
0.638823,0.863935
1.45571,0.389478
0.184179,0.127602
1.3536,0.471106
0.532352,0.765412
1.23021,0.579335
0.874016,0.863625
1.76072,0.203458
1.82348,0.175828
1.46775,0.380452
0.606958,0.841726
1.12452,0.675301
0.767983,0.895407
2.14796,0.0784834
0.543924,0.77949
0.673893,0.881433
0.793903,0.891744
0.685589,0.885707
0.501348,0.723729
0.374,0.500033
0.916269,0.840302
1.17002,0.634063
0.972342,0.802444
0.949992,0.818358
0.427853,0.603554
0.437152,0.620262
0.796944,0.891125
0.621842,0.852862
0.709797,0.89217
1.10756,0.6905
0.302106,0.351361
1.48457,0.368066
1.4256,0.41263
0.297791,0.34238
1.20671,0.600657
1.35244,0.472076
2.66321,0.0190476
2.2585,0.0586319
0.519291,0.748549
0.544551,0.780229
0.660913,0.875786
1.31653,0.502727
0.331838,0.413433
0.835003,0.880246
2.54987,0.0263063
1.31114,0.5074
1.09904,0.698071
0.984397,0.793463
1.19244,0.613643
0.520858,0.750626
0.820337,0.885104
0.72405,0.894521
1.47375,0.376003
0.796156,0.891289
0.923237,0.83599
1.73191,0.217282
2.53896,0.027129
0.854336,0.872652
1.09451,0.702084
1.66113,0.254459
1.65097,0.26018
1.46554,0.382101
1.49478,0.360677
1.13468,0.666141
0.992881,0.78699
0.399343,0.550043
1.26293,0.549912
0.63298,0.86032
0.20871,0.168327
0.336228,0.422574
1.09614,0.700646
1.26823,0.545184
1.0163,0.768533
0.930537,0.831345
0.940706,0.824664
1.10488,0.69288
0.652759,0.871743
0.394327,0.540309
1.45551,0.389634
0.387244,0.526419
1.16173,0.641612
0.755379,0.896098
0.333609,0.417123
1.2489,0.562484
1.30406,0.513569
1.23858,0.571781
0.991156,0.788316
0.804912,0.889321
0.43925,0.623977
1.35886,0.466693
1.11656,0.682453
1.32261,0.497483
1.22315,0.585732
0.431771,0.610641
0.581409,0.819451
0.99405,0.786089
1.27147,0.542301
0.47103,0.677597
0.620258,0.851741
0.570767,0.808987
0.920743,0.837548
0.671516,0.880471
1.7894,0.190417
1.31885,0.500721
0.943127,0.823038
0.915681,0.84066
1.47892,0.372198
0.281143,0.307945
1.35912,0.466477
0.741283,0.895984
0.355066,0.461533
1.77738,0.195794
1.73265,0.216922
0.85251,0.873425
0.833226,0.880877
0.753535,0.896137
0.847981,0.875292
0.43381,0.614303
0.158845,0.0905875
0.918691,0.838817
0.480512,0.692575
1.16065,0.642592
1.37017,0.457278
0.965734,0.807252
0.736965,0.895757
1.31238,0.506322
1.30528,0.512505
1.73694,0.214815
1.39948,0.433357
1.49603,0.359782
1.49962,0.357213
0.587254,0.824902
0.443812,0.631983
0.880524,0.860371
2.14731,0.0786157
0.790564,0.892379
0.83279,0.88103
1.82774,0.174069
0.789396,0.89259
0.776278,0.894556
0.366961,0.485816
0.813336,0.887134
0.323637,0.396321
0.929377,0.832092
0.778665,0.894254
0.561324,0.799116
0.875454,0.862918
0.757486,0.896034
0.553017,0.789979
0.545811,0.781708
0.51073,0.736943
2.88115,0.0100859
0.576359,0.814572
1.43428,0.405875
0.522932,0.753352
0.378433,0.508922
1.80196,0.184926
0.385373,0.522722
0.276654,0.298745
1.56723,0.311123
0.658118,0.874444
1.20257,0.604427
0.585086,0.822904
1.9821,0.119731
1.38638,0.443963
0.75157,0.896161
0.830924,0.881678
1.47061,0.378333
1.274,0.540052
1.21449,0.59359
0.799968,0.890471
0.597195,0.833687
0.993923,0.786187
0.944083,0.822393
0.535055,0.768774
1.35861,0.466904
0.940488,0.824809
0.700865,0.890153
1.55066,0.322005
0.404463,0.559888
1.32998,0.491146
0.69478,0.888534
0.874214,0.863529
1.39693,0.435405
0.436938,0.619882
1.08104,0.713934
1.50322,0.354649
0.90004,0.849855
0.475793,0.685181
2.48774,0.0313222
0.534233,0.767756
0.660243,0.875469
1.63174,0.27128
0.865956,0.867474
1.11139,0.687077
0.738289,0.895836
0.677764,0.882932
2.28268,0.0549549
0.383505,0.519022
1.17938,0.625542
0.408061,0.566747
0.527338,0.759059
0.549253,0.785698
0.757565,0.896031
0.491972,0.710014
0.715064,0.893162
2.11891,0.0846259
1.08419,0.711173
0.923323,0.835936
0.454442,0.650245
0.652811,0.871771
1.05721,0.734534
0.674902,0.881832
0.587289,0.824933
0.114295,0.0403288
1.46856,0.379851
2.39197,0.0408391
1.33505,0.486817
0.403045,0.557171
1.10671,0.691258
0.131551,0.0573907
0.995307,0.785117
0.937601,0.826729
0.623077,0.853726
0.923636,0.83574
1.56174,0.314702
1.30348,0.514074
1.76658,0.200737
0.94201,0.823789
1.30123,0.516038
0.744878,0.896104
0.713335,0.892852
0.149822,0.0788039
0.387668,0.527255
1.28243,0.532572
2.48061,0.0319522
1.81301,0.180206
0.489071,0.70567
1.22198,0.586796
1.18796,0.617727
0.734727,0.895602
0.912293,0.842707
2.36844,0.043559
0.486563,0.701875
0.637648,0.863224
0.456247,0.653291
0.23599,0.218179
0.37488,0.501801
1.33859,0.483799
1.34423,0.479011
0.660778,0.875722
0.495701,0.715529
0.344164,0.439048
0.343218,0.437087
2.33289,0.0479873
2.05878,0.09873
0.713869,0.892949
1.45172,0.392502
1.50938,0.350289
0.826708,0.883093
0.394827,0.541284
0.825897,0.883357
0.557096,0.794518
0.803871,0.889572
0.938847,0.825903
1.07747,0.717042
0.775546,0.894644
1.12376,0.675984
0.987568,0.791058
0.71262,0.892719
0.86429,0.868244
0.796386,0.891242
0.539212,0.773856
1.69982,0.233564
0.468168,0.672981
1.25761,0.55467
0.30087,0.348788
0.854691,0.872501
0.964846,0.807892
1.12516,0.67473
0.79317,0.891888
0.544148,0.779755
1.60311,0.288465
1.25231,0.559422
1.27382,0.54021
1.58176,0.301794
0.37933,0.510712
1.04074,0.748456
1.16922,0.634798
0.914002,0.841678
0.98143,0.795698
1.31636,0.502875
2.32857,0.0485526
0.463316,0.665055
0.201611,0.156098
0.803795,0.88959
0.72538,0.894687
1.17316,0.631207
0.782667,0.893692
1.07391,0.720144
1.36537,0.46126
0.657239,0.874012
0.303482,0.35423
0.78687,0.893027
1.10605,0.691843
0.347532,0.446014
0.654104,0.872437
1.1984,0.608222
1.45518,0.389883
1.15663,0.64625
0.506502,0.731052
0.154547,0.0848775
1.56761,0.310873
0.419051,0.587386
0.224293,0.196291
0.949673,0.818578
0.299956,0.346884
0.325966,0.401185
0.489348,0.706085
0.426731,0.601511
1.19699,0.609499
1.41849,0.418216
0.643288,0.866561
0.574874,0.813108
1.3776,0.45115
0.719975,0.893956
0.924015,0.835502
1.06381,0.728873
1.09533,0.701356
0.880218,0.860527
0.413251,0.576554
2.26329,0.057885
0.655515,0.873153
0.578086,0.816259
0.648277,0.869357
1.33418,0.487558
0.540154,0.774993
1.46587,0.381855
0.570024,0.80823
0.710258,0.892262
0.914835,0.841174
0.76903,0.895317
0.859728,0.870305
0.505136,0.729126
0.76782,0.89542
0.825524,0.883478
0.537873,0.772231
0.933867,0.829183
0.655397,0.873094
1.46497,0.38253
0.454114,0.64969
0.39313,0.537973
0.533746,0.76715
1.63216,0.271034
0.464867,0.667602
0.458817,0.657599
1.25445,0.557505
1.0664,0.726649
0.667691,0.878855
0.982682,0.794757
0.303064,0.353359
0.245528,0.236518
0.506414,0.730928
0.892206,0.854208
0.554084,0.791176
0.564298,0.802284
0.527354,0.75908
